climVar,ecoHydro,1983-2003 (T1),SD T1,2004-2020 (T2),SD T2,Change,% Dif,wilSig,lmSig
ET,Great Basin-Colorado Plateau,2570.95999048985,475.517935430899,2635.09053254581,468.694236424959,64.1305420559596,0.0243922086737532,0/12,0/12
ET,Middle Rockies,3504.67650440972,532.48119042055,3519.25945168088,310.165335705981,14.5829472711565,0.00762826644359945,0/5,0/5
ET,Mojave-Sonoran Deserts,1357.60645186663,433.897468799875,1385.10597450312,525.023900878547,27.4995226364902,0.020255886821015,0/1,0/1
ET,Northern Plains,3357.43701479464,548.562768073371,3491.68464826376,466.076355138207,134.24763346912,0.0408806510574784,0/5,0/5
ET,Northern Rockies,4289.96758798368,453.310162912655,4100.96419547557,297.537415874589,-189.00339250811,-0.0440570677124726,0/1,0/1
ET,Pacific NW,5128.7475437911,441.814632366276,5108.65004078705,485.594964006249,-20.097503004049,-0.00388385128372216,0/2,0/2
ET,Southern Plains,3580.00589230713,566.094599473624,3359.17179886507,564.240095222547,-220.834093442067,-0.0632216366014726,0/2,1/2
ET,Southern Rockies and Basins,3261.33869252607,528.416501677774,3216.40254442724,459.231404283793,-44.9361480988261,-0.0130179982220522,0/7,1/7
