Ecoregion,1983-2003 (T1),SD T1,2004-2020 (T2),SD T2,Change,% Dif,p.value
Great Basin-Colorado Plateau,1.24188979959596,6.00298172140563,6.37237002697551,5.5678746559566,5.13048022737954,4.13118799192062,0.0297513615441688
Middle Rockies,-40.2151386016095,6.0117239230988,-36.4146765525095,5.97779561751546,3.80046204909998,-0.0945032687006051,0.110192109245154
Mojave-Sonoran Deserts,80.3034681547815,6.05326850091562,89.1790258275001,5.75422905690589,8.87555767271864,0.110525209890205,0.000207925598770574
Northern Plains,-14.8754476231025,6.99116431348913,-12.9751499595239,8.9827526067418,1.90029766357858,-0.127747259223803,0.598551957417875
Northern Rockies,-20.6497748451133,5.90758765316514,-17.9989348748195,6.14650352842538,2.65083997029377,-0.128371374030796,0.247488020695535
Pacific NW,34.8669646686885,6.39516929114976,39.0117066662347,5.11753312741974,4.14474199754619,0.118873037470574,0.188224699860862
Southern Plains,3.70804501808369,3.41909838974269,7.11212905572923,6.12793050767475,3.40408403764555,0.9180266207784,0.119495936308952
Southern Rockies and Basins,-33.7327006885421,4.63962636265458,-32.3039918149961,6.24100612761376,1.42870887354595,-0.0423538241641956,0.494536459590705
