wetType,Avg_wetHa,period,ownAg
riv,228832.03234868,,
wet,695668.36309974,,
wetAg,260699.652449121,,
wetMan,1192082.77085412,,
,605891.616213645,seasonal,
,1291892.03125289,semi,
,479499.171285126,temp,
,708417.202494098,,Private
,1668865.61625756,,Public
