Region,Attribute,T1,SD1,T2,SD2,Change,perDif,p.value
Northern Rockies,Private,390.735108404667,69.5867472603169,311.629975496743,70.1079518159283,-79.1051329079246,-20.2452073556694,0.00685851274427954
Northern Rockies,Public,3257.24021717412,101.780332273365,2902.30594607947,136.087766943634,-354.934271094651,-10.8967790960957,0.00000000685634099826834
Northern Rockies,riv,1248.92182076837,20.7644688551898,1178.76128176181,41.0776607304325,-70.1605390065654,-5.61768862068569,0.000000114843711720995
Northern Rockies,wet,2388.9837323437,138.11364952154,2029.70524976684,156.854238581652,-359.278482576858,-15.0389673111918,0.000000166266269208007
Northern Rockies,wetAg,10.0697724667177,5.09706460338916,5.4693900475657,5.25776566555384,-4.60038241915199,-45.6850682014617,0.00867601732737925
Northern Rockies,temp,310.179048864597,121.410279614251,324.690748152827,108.927194322467,14.5116992882298,4.67849112999394,0.656717966752763
Northern Rockies,seasonal,591.519330105454,147.399573170803,554.779825797292,223.715990307797,-36.7395043081626,-6.21104035629957,0.118083439115962
Northern Rockies,semi,2746.27694660874,185.053579278992,2334.4653476261,268.217453543757,-411.811598982642,-14.9952683938585,0.00000117243431070389
