Region,Attribute,T1,SD1,T2,SD2,Change,perDif,p.value
Southern Rockies and Basins,Private,20359.1613944808,2961.06930902839,16829.6583717802,1983.20510100124,-3529.50302270058,-17.3361905940654,0.000485050129837244
Southern Rockies and Basins,Public,12429.9112740201,1808.67748775745,9365.87742694794,703.818007815557,-3064.03384707218,-24.6504884831829,0.0000000771338362305188
Southern Rockies and Basins,riv,2585.15819653835,438.566989396871,2261.87093255066,293.7691141388,-323.287263987695,-12.5055118259529,0.0307354340185123
Southern Rockies and Basins,wet,4156.21232029024,441.29433133759,3483.17587773509,549.749105120251,-673.036442555149,-16.1935048233568,0.0010557890953856
Southern Rockies and Basins,wetAg,16260.4311359282,2434.78021305871,13212.9822326899,1677.14240164672,-3047.44890323827,-18.741501241654,0.000247904721474388
Southern Rockies and Basins,wetMan,9787.27101574413,1664.48716047218,7237.50675575248,520.287194246691,-2549.76425999164,-26.0518407622514,0.000000166266269208007
Southern Rockies and Basins,temp,13800.5627953684,1839.34579749289,11604.2275444593,1520.87622063763,-2196.33525090914,-15.9148237899852,0.00188177249544698
Southern Rockies and Basins,seasonal,9138.80094599197,1279.46285554716,7120.32027350774,908.333594875377,-2018.48067248423,-22.0869311457044,0.000024057186477674
Southern Rockies and Basins,semi,9849.70892714053,2201.24029027505,7470.98798076114,899.301416411263,-2378.72094637939,-24.1501648827907,0.000247904721474388
