Region,Attribute,T1,SD1,T2,SD2,Change,perDif,p.value
Pacific NW,Private,9965.59684911315,1596.92884841621,9430.7279190162,1645.41687821886,-534.868930096956,-5.36715400186548,0.309032541059991
Pacific NW,Public,19368.6818730948,1675.85278627891,15443.1752600995,4232.2283330041,-3925.50661299528,-20.2672883922381,0.00323558787908956
Pacific NW,riv,1414.08971290159,211.852025256675,1345.06645885887,128.337642006088,-69.0232540427189,-4.88110856142847,0.275974818065063
Pacific NW,wet,18019.0313631288,2213.04363959008,15233.5570828368,2877.66223984397,-2785.474280292,-15.458512858753,0.0077210027319862
Pacific NW,wetAg,4124.81886319378,533.337012238703,3520.03414471387,858.741943810843,-604.784718479913,-14.662091561801,0.018679509690371
Pacific NW,wetMan,5776.33878298384,494.450462457213,4775.24549270623,2049.41521407033,-1001.09329027761,-17.3309310254909,0.126977990314064
Pacific NW,temp,5536.29058359678,741.835420076303,6561.35618685933,785.027108413679,1025.06560326256,18.5153865712843,0.00122419282889981
Pacific NW,seasonal,9252.75633826023,1887.33681989356,8764.41812274375,1421.3430371931,-488.338215516478,-5.2777593796261,0.957503822560089
Pacific NW,semi,14545.231800351,1736.82154666715,9548.12886951266,4373.23565185461,-4997.10293083831,-34.3556087618881,0.000120671601569523
