Region,Attribute,T1,SD1,T2,SD2,Change,perDif,p.value
Great Basin-Colorado Plateau,Private,68097.9721739459,19007.3999864563,48979.4693143155,7349.54692599295,-19118.5028596304,-28.0749958468589,0.0024781901721191
Great Basin-Colorado Plateau,Public,190536.264676255,31194.7218807931,136017.420784685,10674.955880547,-54518.8438915703,-28.613368685591,0.00000000171408524956708
Great Basin-Colorado Plateau,riv,19315.7702610621,3942.5472210484,16942.7025957538,2287.10533626388,-2373.06766530827,-12.2856486344324,0.0942345911299465
Great Basin-Colorado Plateau,wet,71940.700487964,24061.9451922145,45053.7645857546,4451.75423564013,-26886.9359022093,-37.3737477114331,0.0000999688799252515
Great Basin-Colorado Plateau,wetAg,20467.9482406369,7180.14333966754,15660.0610207998,3415.27669909292,-4807.8872198371,-23.4898347568203,0.0445226890079167
Great Basin-Colorado Plateau,wetMan,146909.817860538,16766.4819809586,107340.361896692,9093.69279333735,-39569.455963846,-26.9345211505261,0.00000000171408524956708
Great Basin-Colorado Plateau,temp,39473.8065140264,8317.99572614983,40344.1625129639,7033.93939331819,870.355998937506,2.20489503242673,0.929230648005386
Great Basin-Colorado Plateau,seasonal,58546.7557354026,11547.8899268545,56877.6326563364,6514.41758341213,-1669.12307906622,-2.85092326312613,0.817344976051701
Great Basin-Colorado Plateau,semi,160613.674600772,41405.7354091418,87775.0949297001,7826.43979475207,-72838.579671072,-45.3501732353254,0.00000000171408524956708
