Region,Attribute,T1,SD1,T2,SD2,Change,perDif,p.value
Northern Plains,Private,3465.64303383138,341.374216322256,3283.86453952505,723.975408925006,-181.778494306329,-5.24515919648446,0.230940937413168
Northern Plains,Public,10356.9051621093,571.772395051677,9624.89703554167,1015.46476801879,-732.008126567636,-7.06782687598304,0.0121775798146441
Northern Plains,riv,1898.8836031388,105.569407105452,1698.88273586252,109.791786349106,-200.000867276278,-10.5325501229082,0.0000122437109376577
Northern Plains,wet,4345.56566470309,488.127219147484,4628.04134412535,1075.43431744774,282.475679422262,6.50032012441267,0.901044523270083
Northern Plains,wetAg,525.355819189517,87.2372898307325,446.832025712085,199.22117038351,-78.5237934774326,-14.9467828487317,0.0486639858201955
Northern Plains,wetMan,7052.74310890929,349.423490290586,6135.00546936677,524.146406163278,-917.737639542517,-13.0124920952132,0.00000967258306330706
Northern Plains,temp,2448.10908412189,265.570100225243,2468.96539223571,668.667823922454,20.8563081138182,0.851935407988532,0.443784934717906
Northern Plains,seasonal,3197.55257508096,314.068245654856,2984.16660690461,739.956783617781,-213.38596817635,-6.67341546904659,0.0445226890079167
Northern Plains,semi,8176.88653673784,762.944994711454,7455.6295759264,495.8467548762,-721.256960811434,-8.82067957737834,0.00475274016024863
