Region,Attribute,T1,SD1,T2,SD2,Change,perDif,p.value
Southern Plains,Private,2344.23031790882,227.681974065067,1593.92122798087,108.295278803227,-750.309089927942,-32.0066285379868,0.00000000171408524956708
Southern Plains,Public,4661.56503931305,1078.49506175414,2368.66373848169,840.0980678431,-2292.90130083136,-49.1873712260647,0.00000207575723722574
Southern Plains,riv,1984.21531733042,247.41717286028,1280.83779860892,72.6028873449457,-703.377518721498,-35.4486487720409,0.00000000171408524956708
Southern Plains,wet,4886.64847212523,1089.90718413494,2579.42872318158,868.153784770949,-2307.21974894365,-47.2147682016551,0.00000156838800335388
Southern Plains,wetAg,134.931567766215,9.67918723944243,102.318444672057,12.4685067299559,-32.6131230941572,-24.1701209243069,0.000000020569022994805
Southern Plains,temp,625.44708670518,161.105145806064,562.084606431144,108.605478828543,-63.3624802740363,-10.1307499260771,0.422758780613809
Southern Plains,seasonal,1112.90264669882,293.761746030785,829.514897920485,203.549313280073,-283.387748778336,-25.4638399521237,0.00122419282889981
Southern Plains,semi,5267.44562381787,1483.89434487509,2570.98546211094,790.342414963961,-2696.46016170693,-51.1910393438959,0.00000117243431070389
