Region,Attribute,T1,SD1,T2,SD2,Change,perDif,p.value
Mojave-Sonoran Deserts,Private,12.6208887715393,5.37698348362888,12.3537455806841,4.68202481823099,-0.267143190855217,-2.11667494810379,1
Mojave-Sonoran Deserts,Public,165.372739582704,30.6472161374351,171.93386055793,31.3773818615014,6.56112097522555,3.96747432000078,0.735625500689658
Mojave-Sonoran Deserts,wet,19.9323013262411,7.27871412677091,23.0977839804225,6.62504466551404,3.16548265418146,15.8811699781704,0.126977990314064
Mojave-Sonoran Deserts,wetMan,158.061327028002,30.3768956698456,161.189822158191,33.0171645760847,3.12849513018887,1.9792919552261,0.901044523270083
Mojave-Sonoran Deserts,temp,43.0034737586519,11.0800330284681,56.8392167508059,12.8238580944367,13.8357429921541,32.1735473506264,0.00418947289230314
Mojave-Sonoran Deserts,seasonal,41.5896284088887,15.9989935855443,36.5241151108908,11.9400391566584,-5.06551329799787,-12.1797512788435,0.260359756840209
Mojave-Sonoran Deserts,semi,93.400526186703,23.4772656700907,90.9242742769171,18.0368876524263,-2.47625190978586,-2.65121837197786,0.510218928024626
