climVar,ecoHydro,1983-2003 (T1),SD T1,2004-2020 (T2),SD T2,Change,% Dif,wilSig,lmSig
swe,Great Basin-Colorado Plateau,250.766478330071,101.862379498999,266.255916653178,97.1092599991672,15.4894383231064,0.050683079215257,0/12,0/12
swe,Middle Rockies,509.301031855921,178.155944001189,521.486586829047,145.587453374984,12.1855549731262,0.0572524538239238,0/5,0/5
swe,Mojave-Sonoran Deserts,81.1229662989931,37.732202181795,78.9970730363561,42.2520392134741,-2.12589326263704,-0.0262058127263453,0/1,0/1
swe,Northern Plains,213.575300439134,79.2622906915942,229.963092384438,94.8419126799783,16.3877919453039,0.096440779515692,0/5,0/5
swe,Northern Rockies,959.529201740901,339.799359362558,929.402896694106,237.848189248118,-30.1263050467951,-0.0313969652952053,0/1,0/1
swe,Pacific NW,175.787631780145,91.6990370727844,175.848597797743,92.2633045755009,0.0609660175986875,-0.000549895956866775,0/2,0/2
swe,Southern Plains,127.322939330023,37.0514228418188,135.443360113661,38.9723052166655,8.1204207836373,0.0626348378806927,0/2,0/2
swe,Southern Rockies and Basins,319.695844976031,89.484563212371,352.134045537864,93.6539282395107,32.4382005618331,0.0885906654469728,0/7,0/7
