climVar,ecoHydro,1983-2003 (T1),SD T1,2004-2020 (T2),SD T2,Change,% Dif,wilSig,lmSig
tmin,Great Basin-Colorado Plateau,1.24188979959596,6.70780940929818,6.37237002697551,6.19740918483672,5.13048022737954,1.10170716885514,7/12,9/12
tmin,Middle Rockies,-24.4711255681675,6.16210290245555,-21.2104645991326,6.73486504914182,3.2606609690349,0.147768707742059,1/5,1/5
tmin,Mojave-Sonoran Deserts,80.3034681547815,6.05326850091562,89.1790258275001,5.75422905690589,8.87555767271864,0.110525209890205,1/1,1/1
tmin,Northern Plains,-14.8754476231025,7.33096532494537,-12.9751499595239,9.18099841090602,1.90029766357858,0.157442370990613,0/5,0/5
tmin,Northern Rockies,-20.6497748451133,5.90758765316514,-17.9989348748195,6.14650352842538,2.65083997029377,0.128371374030796,0/1,0/1
tmin,Pacific NW,34.8669646686885,6.43302281135961,39.0117066662347,5.14784109039512,4.14474199754619,0.120419101005127,0/2,2/2
tmin,Southern Plains,3.70804501808369,3.53667605336415,7.11212905572923,6.17446582494328,3.40408403764555,3.22409009342037,0/2,2/2
tmin,Southern Rockies and Basins,-21.7338822840137,5.00857530816045,-19.5313472274194,6.57146250734762,2.20253505659428,0.974098933988416,0/7,3/7
